time,latitude,longitude,depth,mag,magType,nst,gap,dmin,rms,net,id,updated,place,type,horizontalError,depthError,magError,magNst,status,locationSource,magSource
2023-03-31T10:33:54.868Z,66.4019,-154.4181,0,4,ml,,,,0.6,ak,ak023450iraw,2023-03-31T10:41:57.289Z,"northern Alaska",earthquake,,0.9,,,automatic,ak,ak
2023-03-31T09:32:34.020Z,38.7555008,-122.7294998,1.69,2.59,md,46,44,0.007082,0.09,nc,nc73864805,2023-03-31T09:39:10.805Z,"3km SE of The Geysers, CA",earthquake,0.18,0.29,0.12,52,automatic,nc,nc
2023-03-31T08:28:35.177Z,-9.7454,115.1016,62.136,4.8,mb,44,120,1.576,0.53,us,us6000k12g,2023-03-31T10:20:28.471Z,"105 km S of Nusa Dua, Indonesia",earthquake,8.12,3.781,0.105,28,reviewed,us,us
2023-03-31T08:27:30.510Z,-49.1167,124.984,10,4.8,mb,17,168,17.18,0.56,us,us6000k12h,2023-03-31T08:43:34.040Z,"western Indian-Antarctic Ridge",earthquake,7.98,1.96,0.144,15,reviewed,us,us
2023-03-31T08:17:36.200Z,18.7761666666667,-67.3933333333333,11.45,3.41,md,12,214,0.398,0.3,pr,pr71402138,2023-03-31T09:10:59.500Z,"44 km NW of San Antonio, Puerto Rico",earthquake,1.13,0.93,0.0159824998497116,5,reviewed,pr,pr
2023-03-31T06:46:20.456Z,-30.2304,-176.6751,10,4.5,mb,15,163,1.451,0.49,us,us6000k125,2023-03-31T07:40:18.040Z,"Kermadec Islands region",earthquake,11.34,1.963,0.172,10,reviewed,us,us
2023-03-31T06:32:38.710Z,19.1268,-63.9228,28,3.58,md,9,334,1.2915,0.22,pr,pr2023090000,2023-03-31T07:22:53.663Z,"Leeward Islands",earthquake,2.77,18.8,0.04,5,reviewed,pr,pr
2023-03-31T05:52:20.183Z,27.0725,141.4644,73.692,5.4,mww,92,115,6.19,0.91,us,us6000k11q,2023-03-31T07:57:58.301Z,"Bonin Islands, Japan region",earthquake,11.14,6.811,0.066,22,reviewed,us,us
2023-03-31T05:32:15.337Z,62.0938,-149.4217,7.5,2.6,ml,,,,0.85,ak,ak02344xjahx,2023-03-31T05:33:56.786Z,"23 km ESE of Susitna North, Alaska",earthquake,,0.4,,,automatic,ak,ak
2023-03-31T05:15:38.050Z,19.4088325500488,-155.286666870117,5.76000022888184,2.6099999,md,23,69,,0.180000007,hv,hv73353217,2023-03-31T05:18:44.100Z,"6 km SW of Volcano, Hawaii",earthquake,0.39,0.49000001,1.74000001,12,automatic,hv,hv
2023-03-31T04:12:39.700Z,17.6543,-94.402,160.729,4.6,mb,50,109,2.562,0.88,us,us6000k114,2023-03-31T04:56:38.013Z,"26 km NNE of Niños Héroes, Mexico",earthquake,3.7,8.491,0.037,224,reviewed,us,us
2023-03-31T03:34:49.359Z,41.9977,-124.5195,20.145,2.5,ml,25,217,0.508,0.69,us,us6000k110,2023-03-31T10:06:35.373Z,"20 km WSW of Brookings, Oregon",earthquake,2.16,9.412,0.05,52,reviewed,us,us
2023-03-31T00:33:24.650Z,-18.5259,-177.8786,561.507,4.4,mb,38,52,3.577,0.83,us,us6000k10k,2023-03-31T00:49:21.040Z,"Fiji region",earthquake,13.89,9.72,0.064,69,reviewed,us,us
2023-03-31T00:17:41.660Z,40.534832,-124.3201675,16.98,3.28,ml,19,240,0.06066,0.08,nc,nc73864625,2023-03-31T06:59:26.221Z,"7km SW of Ferndale, CA",earthquake,1.12,0.59,0.281,6,automatic,nc,nc
2023-03-31T00:10:13.000Z,44.6222,149.3147,35,4.5,mb,53,137,4.845,0.67,us,us6000k10i,2023-03-31T00:39:48.040Z,"131 km ESE of Kuril’sk, Russia",earthquake,7.76,1.775,0.068,63,reviewed,us,us
2023-03-30T23:33:01.346Z,58.3103,-155.0037,0,2.8,ml,,,,0.61,ak,ak02343kpxla,2023-03-30T23:39:17.040Z,"88 km NNW of Karluk, Alaska",earthquake,,0.3,,,automatic,ak,ak
2023-03-30T22:03:23.257Z,-35.7033,-73.5399,10,4.5,mwr,40,114,1.08,0.78,us,us6000k0zq,2023-03-30T22:37:28.040Z,"110 km WSW of Constitución, Chile",earthquake,5.07,1.646,0.044,49,reviewed,us,us
2023-03-30T20:55:00.049Z,-17.9506,-178.5694,572.598,4.4,mb,57,57,4.396,1,us,us6000k0z5,2023-03-30T22:23:03.040Z,"224 km E of Levuka, Fiji",earthquake,14.43,9.189,0.055,95,reviewed,us,us
2023-03-30T20:26:14.205Z,47.7295,15.9861,16.384,4,mb,46,40,1.37,0.68,us,us6000k0yt,2023-03-31T08:08:29.440Z,"3 km N of Buchbach, Austria",earthquake,4.92,7.823,0.366,2,reviewed,us,us
2023-03-30T20:15:52.365Z,22.2141,121.5548,10.706,4.5,mb,54,115,0.744,0.61,us,us6000k0yr,2023-03-30T20:43:14.040Z,"86 km ENE of Hengchun, Taiwan",earthquake,5.6,4.741,0.085,40,reviewed,us,us
2023-03-30T19:55:02.931Z,-35.6984,-73.5677,10,4.2,mb,24,213,1.091,0.9,us,us6000k0ye,2023-03-30T20:26:10.040Z,"112 km WSW of Constitución, Chile",earthquake,4.96,1.993,0.374,2,reviewed,us,us
2023-03-30T19:23:00.365Z,34.6472,25.1959,10,4.5,mb,93,94,0.687,0.81,us,us6000k0y7,2023-03-30T20:30:25.421Z,"Crete, Greece",earthquake,5.67,1.842,0.066,68,reviewed,us,us
2023-03-30T19:18:55.359Z,35.5898,70.8344,103.347,4.2,mb,38,119,1.804,1.06,us,us6000k0y6,2023-03-30T20:15:58.040Z,"20 km NNW of P?r?n, Afghanistan",earthquake,7.85,5.579,0.121,19,reviewed,us,us
2023-03-30T18:47:08.840Z,51.9657,176.2433,38.514,4.3,mb,34,165,1.441,0.66,us,us6000k0y3,2023-03-30T21:35:39.141Z,"229 km ESE of Attu Station, Alaska",earthquake,8.49,9.528,0.059,83,reviewed,us,us
2023-03-30T18:26:34.582Z,-35.7925,-73.6952,23.335,4.4,mb,27,186,1.037,1.01,us,us6000k0xp,2023-03-30T20:04:58.040Z,"113 km NW of Tomé, Chile",earthquake,6.82,5.447,0.219,6,reviewed,us,us
2023-03-30T18:11:00.490Z,18.0065,-66.7433333333333,13.84,2.69,md,7,183,0.1331,0.1,pr,pr71402098,2023-03-30T18:30:46.280Z,"2 km ESE of Magas Arriba, Puerto Rico",earthquake,0.83,0.66,0.0817866525755104,4,reviewed,pr,pr
2023-03-30T17:33:06.366Z,-35.6626,-73.5404,11.586,6.3,mww,143,71,1.119,0.5,us,us6000k0xf,2023-03-31T09:30:33.952Z,"",earthquake,5.53,3.203,0.043,51,reviewed,us,us
2023-03-30T17:18:55.798Z,43.269,-110.8975,5,3.3,ml,27,84,0.218,0.64,us,us6000k0x6,2023-03-31T04:23:27.223Z,"9 km W of Hoback, Wyoming",earthquake,1.57,1.633,0.048,56,reviewed,us,us
2023-03-30T15:46:16.321Z,17.0581,-99.8807,23.544,4.6,mb,74,210,1.352,0.38,us,us6000k0wi,2023-03-30T21:25:25.847Z,"2 km N of Ocotillo, Mexico",earthquake,10.04,8.73,0.038,214,reviewed,us,us
2023-03-30T15:36:28.247Z,57.7632,-155.0273,65.7,3.3,ml,,,,0.47,ak,ak02343fz5yg,2023-03-30T17:57:19.040Z,"40 km WNW of Karluk, Alaska",earthquake,,0.5,,,automatic,ak,ak
2023-03-30T15:29:21.157Z,33.0242,136.7762,408.496,4.3,mb,29,88,2.023,0.44,us,us6000k0wq,2023-03-30T17:14:16.040Z,"107 km SE of Shing?, Japan",earthquake,8.95,8.439,0.119,20,reviewed,us,us
2023-03-30T13:02:00.252Z,67.3507,-156.3178,0,3,ml,,,,0.93,ak,ak02343ekybp,2023-03-30T14:41:11.040Z,"55 km NNE of Kobuk, Alaska",earthquake,,1.1,,,automatic,ak,ak
2023-03-30T11:23:23.325Z,56.1406,-152.1955,11.6,2.7,ml,,,,0.95,ak,ak02343dimk4,2023-03-30T19:48:07.864Z,"136 km SSE of Old Harbor, Alaska",earthquake,,5.8,,,reviewed,ak,ak
2023-03-30T08:24:53.020Z,7.9238,-74.7507,56.727,4.5,mb,75,64,1.887,0.89,us,us6000k0u3,2023-03-30T16:00:22.950Z,"14 km N of San Carlos, Colombia",earthquake,4.72,7.984,0.043,157,reviewed,us,us
2023-03-30T08:05:42.770Z,37.4321667,-118.5658333,9.99,2.74,md,32,52,0.1845,0.06,nc,nc73864375,2023-03-31T03:55:27.219Z,"3km NE of Round Valley, CA",earthquake,0.26,0.95,0.126,49,reviewed,nc,nc
2023-03-30T08:01:56.670Z,18.986,-65.0245,20.14,3.15,md,7,276,0.6335,0.11,pr,pr71402068,2023-03-30T08:15:23.540Z,"71 km N of Charlotte Amalie, U.S. Virgin Islands",earthquake,0.83,12.21,0.128576412937176,5,reviewed,pr,pr
2023-03-30T06:32:45.950Z,38.523,-119.5173333,5.4,2.55,md,17,80,0.03061,0.06,nc,nc73864350,2023-03-30T16:13:43.235Z,"3km WNW of Walker, CA",earthquake,0.26,0.3,0.214,47,reviewed,nc,nc
2023-03-30T05:39:03.036Z,66.3135,-154.2769,10,2.6,ml,,,,0.93,ak,ak02343a1f1g,2023-03-30T06:32:13.040Z,"29 km N of Hughes, Alaska",earthquake,,1.9,,,automatic,ak,ak
2023-03-30T05:27:29.260Z,18.8976666666667,-64.374,16.09,3.27,md,6,317,0.6778,0.39,pr,pr71402063,2023-03-30T05:44:22.050Z,"Virgin Islands",earthquake,12.97,25.5,0.145381284206151,4,reviewed,pr,pr
2023-03-30T03:46:58.908Z,60.7767,-151.7304,70.3,3,ml,,,,0.24,ak,ak023438w68y,2023-03-31T00:06:59.040Z,"25 km WNW of Nikiski, Alaska",earthquake,,1.6,,,automatic,ak,ak
2023-03-30T03:31:38.731Z,38.2349,72.9818,141.682,4.1,mb,24,82,1.547,0.48,us,us6000k0t1,2023-03-31T00:16:54.040Z,"86 km W of Murghob, Tajikistan",earthquake,3.76,13.039,0.301,3,reviewed,us,us
2023-03-29T23:56:28.630Z,19.6418,-64.5938,12,3.65,md,12,306,1.5015,0.41,pr,pr2023088000,2023-03-30T00:35:52.790Z,"146 km N of Cruz Bay, U.S. Virgin Islands",earthquake,11.3,16.329,0.08,8,reviewed,pr,pr
2023-03-29T23:55:15.326Z,31.11809047,-103.6854579,5.617407227000001,2.5,ml,25,49,0.07977280805,0.2,tx,tx2023geue,2023-03-30T19:01:46.957Z,"15 km NNE of Balmorhea, Texas",earthquake,1.028068887,1.303917372,0.2,21,reviewed,tx,tx
2023-03-29T23:04:28.121Z,58.938,-138.1105,0,3.3,ml,,,,0.97,ak,ak02341x0fe2,2023-03-30T06:19:25.867Z,"114 km SE of Yakutat, Alaska",earthquake,,0.6,,,automatic,ak,ak
2023-03-29T22:57:23.817Z,49.8805,89.8172,10,4.4,mb,34,87,5.114,0.56,us,us6000k0rp,2023-03-29T23:30:40.040Z,"19 km SSW of Kyzyl-Khaya, Russia",earthquake,8.79,1.933,0.105,26,reviewed,us,us
2023-03-29T21:44:21.765Z,37.7974,36.5428,5,4.3,mb,52,51,0.268,0.85,us,us6000k0re,2023-03-29T22:21:05.040Z,"25 km S of Göksun, Turkey",earthquake,5.83,1.877,0.1,28,reviewed,us,us
2023-03-29T21:44:11.414Z,28.3251,141.4912,59.487,4.8,mb,74,121,4.988,0.83,us,us6000k0rg,2023-03-29T22:06:31.040Z,"Bonin Islands, Japan region",earthquake,6.11,7.163,0.055,102,reviewed,us,us
2023-03-29T20:54:01.168Z,61.3618,-146.6433,1.1,2.8,ml,,,,0.73,ak,ak02341visb7,2023-03-30T04:17:27.686Z,"Southern Alaska",earthquake,,0.3,,,reviewed,ak,ak
2023-03-29T20:10:41.883Z,1.8946,127.1364,115.289,4.8,mb,57,105,1.139,0.98,us,us6000k0qn,2023-03-29T20:44:53.040Z,"Halmahera, Indonesia",earthquake,8.75,7.271,0.067,68,reviewed,us,us
2023-03-29T19:35:25.480Z,19.147,-65.6528333333333,29.93,3.29,md,13,284,0.9058,0.28,pr,pr71402023,2023-03-29T20:02:54.940Z,"82 km NNE of Suárez, Puerto Rico",earthquake,1.75,14.87,0.0232816169151824,4,reviewed,pr,pr
2023-03-29T18:51:04.540Z,19.0403333333333,-65.722,30.18,3.1,md,4,275,0.8396,0.05,pr,pr71402018,2023-03-29T19:27:28.730Z,"68 km NNE of Suárez, Puerto Rico",earthquake,1.67,8.82,0.110253499859833,3,reviewed,pr,pr
2023-03-29T18:41:45.596Z,62.1797,-152.9186,0.1,2.6,ml,,,,1.12,ak,ak02341u987z,2023-03-29T18:44:15.959Z,"82 km WNW of Skwentna, Alaska",earthquake,,0.4,,,automatic,ak,ak
2023-03-29T18:26:49.386Z,-15.2968,-173.0504,10,5.4,mww,54,43,2.622,0.93,us,us6000k0pe,2023-03-30T18:30:40.369Z,"108 km NE of Hihifo, Tonga",earthquake,7.7,1.866,0.098,10,reviewed,us,us
2023-03-29T18:24:32.810Z,19.1853333333333,-65.65,38.39,3.34,md,9,263,0.9401,0.12,pr,pr71402003,2023-03-29T18:55:03.310Z,"86 km NNE of Suárez, Puerto Rico",earthquake,1.27,6.21,0.0952461107332394,6,reviewed,pr,pr
2023-03-29T18:15:09.160Z,32.00929194,-103.8084888,10.88754883,2.5,ml,28,38,0.07709862783,0.1,tx,tx2023geix,2023-03-30T18:30:37.673Z,"34 km SE of Malaga, New Mexico",earthquake,1.152666157,1.694327544,0.1,30,reviewed,tx,tx
2023-03-29T18:10:19.540Z,-8.2471,116.7308,12.409,4.9,mb,75,41,1.184,0.63,us,us6000k0p7,2023-03-30T08:56:29.469Z,"Lombok region, Indonesia",earthquake,5.23,3.876,0.074,63,reviewed,us,us
2023-03-29T16:47:02.861Z,37.9135,36.2474,10,4.6,mb,64,87,0.342,0.9,us,us6000k0ne,2023-03-29T17:17:38.040Z,"15 km ESE of Saimbeyli, Turkey",earthquake,3.55,1.84,0.069,63,reviewed,us,us
2023-03-29T14:24:39.360Z,44.5253333,-110.3611667,3.67,3.72,ml,24,61,0.04525,0.17,uu,uu60535541,2023-03-30T14:29:45.392Z,"56 km SSE of Mammoth, Wyoming",earthquake,0.28,0.61,0.252,14,reviewed,uu,uu
2023-03-29T14:22:35.460Z,44.5128333,-110.3416667,4.9,2.52,ml,25,67,0.06383,0.15,uu,uu60535536,2023-03-29T14:54:14.670Z,"58 km SSE of Mammoth, Wyoming",earthquake,0.28,0.8,0.22,6,reviewed,uu,uu
2023-03-29T14:02:03.150Z,44.5153333,-110.3596667,6.96,2.67,ml,23,61,0.05392,0.19,uu,uu60535511,2023-03-29T15:37:25.120Z,"57 km SSE of Mammoth, Wyoming",earthquake,0.3,0.73,0.379,6,reviewed,uu,uu
2023-03-29T13:45:26.910Z,44.519,-110.3538333,3.6,2.68,ml,24,63,0.05347,0.15,uu,uu60535486,2023-03-29T14:01:45.800Z,"57 km SSE of Mammoth, Wyoming",earthquake,0.24,0.59,0.309,6,reviewed,uu,uu
2023-03-29T13:43:41.250Z,44.5178333,-110.3538333,2.64,2.81,md,12,70,0.05437,0.19,uu,uu60032994,2023-03-29T15:53:19.200Z,"",earthquake,0.37,1.51,0.245,7,reviewed,uu,uu
2023-03-29T13:42:25.360Z,44.5215,-110.373,1.54,2.71,ml,10,109,0.04373,0.14,uu,uu60535481,2023-03-29T15:49:31.750Z,"56 km SSE of Mammoth, Wyoming",earthquake,0.48,0.19,0.375,7,reviewed,uu,uu
2023-03-29T13:11:58.560Z,44.5195,-110.3715,1.44,2.61,ml,9,110,0.046,0.16,uu,uu60032954,2023-03-29T13:44:40.920Z,"Wyoming",earthquake,0.6,0.27,0.235,2,reviewed,uu,uu
2023-03-29T13:05:13.570Z,44.5191667,-110.3553333,3.37,3.06,ml,24,63,0.05266,0.15,uu,uu60535446,2023-03-29T14:57:45.260Z,"Wyoming",earthquake,0.27,0.66,0.235,8,reviewed,uu,uu
2023-03-29T12:43:46.140Z,44.5203333,-110.3516667,2.4,2.88,ml,25,64,0.05347,0.19,uu,uu60535421,2023-03-29T13:17:37.620Z,"57 km SSE of Mammoth, Wyoming",earthquake,0.34,0.95,0.116,7,reviewed,uu,uu
2023-03-29T11:49:11.188Z,62.2079,-151.1044,81.3,3.3,ml,,,,0.47,ak,ak02341q4u1x,2023-03-29T15:56:57.287Z,"28 km NNE of Skwentna, Alaska",earthquake,,0.6,,,automatic,ak,ak
2023-03-29T11:37:15.756Z,56.517,-148.4212,10,3.5,ml,66,215,2.599,0.63,us,us6000k0jb,2023-03-29T17:56:05.471Z,"263 km ESE of Chiniak, Alaska",earthquake,9.26,2.012,0.043,70,reviewed,us,us
2023-03-29T11:11:07.060Z,44.5166667,-110.3501667,6.83,2.71,ml,23,64,0.05694,0.2,uu,uu60535376,2023-03-29T13:15:30.890Z,"58 km SSE of Mammoth, Wyoming",earthquake,0.36,0.72,0.291,6,reviewed,uu,uu
2023-03-29T10:44:53.245Z,62.113,-151.1482,0,2.6,ml,,,,0.8,ak,ak02341pif3p,2023-03-29T12:59:56.040Z,"18 km NE of Skwentna, Alaska",earthquake,,0.2,,,automatic,ak,ak
2023-03-29T10:31:22.060Z,18.0178333333333,-65.4621666666667,17.82,2.81,md,11,155,0.1169,0.19,pr,pr71401983,2023-03-29T10:55:39.620Z,"8 km S of Esperanza, Puerto Rico",earthquake,1.03,0.53,0.0674094424687663,6,reviewed,pr,pr
2023-03-29T09:53:47.400Z,27.9933,139.427,502.567,4.7,mb,166,112,5.116,0.53,us,us6000k0ix,2023-03-29T10:15:04.040Z,"Bonin Islands, Japan region",earthquake,11.16,7.969,0.033,279,reviewed,us,us
2023-03-29T09:04:32.264Z,56.7431,-154.9847,6.8,2.6,ml,,,,0.89,ak,ak02341ood4y,2023-03-29T17:12:48.400Z,"54 km WSW of Akhiok, Alaska",earthquake,,1.9,,,reviewed,ak,ak
2023-03-29T08:57:15.085Z,-17.9194,-178.6172,568.927,4.8,mb,57,37,3.177,1.01,us,us6000k0im,2023-03-29T09:17:16.040Z,"219 km E of Levuka, Fiji",earthquake,11.18,5.835,0.028,394,reviewed,us,us
2023-03-29T08:53:57.792Z,30.3087,127.9014,6.485,5.1,mb,57,105,2.498,0.39,us,us6000k0il,2023-03-29T09:13:22.040Z,"242 km W of Kurio, Japan",earthquake,7.8,4.778,0.078,53,reviewed,us,us
2023-03-29T08:09:20.363Z,36.6575,71.0908,213.364,4.3,mb,22,102,2.592,0.42,us,us6000k0id,2023-03-29T12:30:30.040Z,"32 km SE of Jurm, Afghanistan",earthquake,5.1,9.979,0.238,5,reviewed,us,us
2023-03-29T07:41:46.874Z,5.9358,126.3837,11.286,4.8,mb,55,113,1.381,0.98,us,us6000k0i9,2023-03-29T08:02:24.040Z,"52 km SSE of Pondaguitan, Philippines",earthquake,8.14,4.497,0.067,70,reviewed,us,us
2023-03-29T07:38:53.484Z,-26.2273,178.4971,617.233,5,mb,41,84,4.367,1,us,us6000k0i7,2023-03-29T07:53:05.040Z,"south of the Fiji Islands",earthquake,13.78,11.21,0.105,29,reviewed,us,us
2023-03-29T07:27:03.653Z,-18.4958,-175.4917,243.404,4.7,mb,48,39,1.423,1.44,us,us6000k0i4,2023-03-29T07:43:19.040Z,"Tonga",earthquake,9.57,7.093,0.068,66,reviewed,us,us
2023-03-29T07:11:17.280Z,35.8483333,-117.7021667,6.55,2.94,ml,31,71,0.06459,0.13,ci,ci40191095,2023-03-29T15:12:02.705Z,"21km ESE of Little Lake, CA",earthquake,0.16,0.44,0.168,65,reviewed,ci,ci
2023-03-29T06:51:56.516Z,56.7389,-148.4772,3,2.5,ml,,,,0.82,ak,ak02341n6b7h,2023-03-29T17:00:43.949Z,"249 km ESE of Chiniak, Alaska",earthquake,,3.7,,,reviewed,ak,ak
2023-03-29T06:38:58.555Z,-14.041,-74.4411,89.479,4.7,mb,47,137,3.105,0.67,us,us6000k0hu,2023-03-29T23:25:23.780Z,"17 km SW of Sacsamarca, Peru",earthquake,10,9.461,0.084,43,reviewed,us,us
2023-03-29T05:07:53.668Z,51.742,176.0759,46.015,3.9,mb,31,210,1.525,0.61,us,us6000k0hr,2023-03-29T12:42:51.040Z,"232 km ESE of Attu Station, Alaska",earthquake,8.43,20.752,0.143,13,reviewed,us,us
2023-03-29T04:34:58.115Z,51.8592,-178.1014,5.823,2.8,ml,11,124,0.047,0.54,us,us6000k0hf,2023-03-30T00:41:07.040Z,"Andreanof Islands, Aleutian Islands, Alaska",earthquake,1.44,4.724,0.148,14,reviewed,us,us
2023-03-29T04:11:22.666Z,-15.3285,-174.9924,289.262,4.7,mb,37,75,3.435,0.73,us,us6000k0hc,2023-03-30T00:28:02.040Z,"145 km WNW of Hihifo, Tonga",earthquake,10.77,9.204,0.104,28,reviewed,us,us
2023-03-29T02:15:54.400Z,36.727,71.2853,182.298,4.4,mb,24,75,2.642,0.48,us,us6000k0gv,2023-03-29T22:35:31.040Z,"Afghanistan-Tajikistan-Pakistan region",earthquake,5.46,12.49,0.239,5,reviewed,us,us
2023-03-29T00:34:59.155Z,36.5116,70.2942,201.25,4,mb,9,113,2.215,0.59,us,us6000k0gg,2023-03-29T00:53:27.040Z,"39 km E of Farkh?r, Afghanistan",earthquake,8.41,11.311,0.26,4,reviewed,us,us
2023-03-29T00:19:14.335Z,34.6026,70.6043,52.985,4.3,mb,48,78,1.29,0.93,us,us6000k0gc,2023-03-30T09:45:23.422Z,"Hindu Kush region, Afghanistan",earthquake,5.68,5.69,0.081,43,reviewed,us,us
2023-03-28T23:48:45.970Z,36.3179,139.4924,133.912,4.1,mb,19,149,1.059,0.41,us,us6000k0ga,2023-03-29T00:06:50.040Z,"4 km ESE of Ashikaga, Japan",earthquake,7.66,6.358,0.234,5,reviewed,us,us
2023-03-28T22:21:00.410Z,18.0931666666667,-66.8865,18.67,2.72,md,15,76,0.1177,0.27,pr,pr71401908,2023-03-29T02:49:22.967Z,"6 km NNE of Lluveras, Puerto Rico",earthquake,0.51,0.62,0.0454955263300021,9,reviewed,pr,pr
2023-03-28T21:52:45.073Z,41.6564,14.6553,8.416,4.7,mwr,78,34,0.628,0.88,us,us6000k0fj,2023-03-29T13:06:25.456Z,"1 km NW of Montagano, Italy",earthquake,2.01,4.041,0.048,41,reviewed,us,us
2023-03-28T21:12:20.120Z,61.5875,-147.9736,6.4,2.5,ml,,,,0.5,ak,ak023408bwt8,2023-03-28T21:27:42.040Z,"29 km SW of Glacier View, Alaska",earthquake,,0.2,,,automatic,ak,ak
2023-03-28T19:27:07.043Z,2.4101,128.7992,35,4.6,mb,42,91,2.168,0.43,us,us6000k0ex,2023-03-28T20:03:16.040Z,"115 km NE of Tobelo, Indonesia",earthquake,3.83,1.916,0.092,35,reviewed,us,us
2023-03-28T17:13:40.877Z,12.6459,-71.0189,44.083,4.5,mb,145,124,1.337,0.59,us,us6000k0e4,2023-03-29T16:40:58.893Z,"138 km NW of Punto Fijo, Venezuela",earthquake,8.98,8.307,0.041,185,reviewed,us,us
2023-03-28T17:05:56.574Z,30.2842,51.7982,10,4.5,mb,90,61,6.599,0.86,us,us6000k0e3,2023-03-29T15:40:51.040Z,"32 km NE of N?r?b?d, Iran",earthquake,6.04,1.788,0.064,72,reviewed,us,us
2023-03-28T14:50:18.396Z,64.2173,-150.4531,15.7,2.6,ml,,,,0.68,ak,ak023404e0nj,2023-03-28T15:41:24.040Z,"61 km W of Clear, Alaska, Alaska",earthquake,,0.2,,,automatic,ak,ak
2023-03-28T14:02:10.059Z,51.8586,-178.1097,7.254,2.5,ml,9,126,0.051,0.54,us,us6000k0hj,2023-03-29T16:43:03.040Z,"101 km W of Adak, Alaska",earthquake,1.47,3.178,0.128,8,reviewed,us,us
2023-03-28T13:07:17.439Z,-10.9198,166.7573,9.181,5.2,mww,58,68,4.521,0.56,us,us6000k0bv,2023-03-28T20:15:25.040Z,"107 km ESE of Lata, Solomon Islands",earthquake,10.17,4.118,0.062,25,reviewed,us,us
2023-03-28T13:04:00.490Z,37.6181667,-122.474,8.7,2.6,md,108,65,0.01707,0.08,nc,nc73863525,2023-03-30T19:11:34.311Z,"1km ENE of Pacifica, CA",earthquake,0.12,0.14,0.19,80,reviewed,nc,nc
2023-03-28T13:03:08.920Z,37.616,-122.4793333,8.99,2.58,md,109,70,0.02146,0.07,nc,nc73863520,2023-03-30T16:19:23.478Z,"1km ENE of Pacifica, CA",earthquake,0.12,0.17,0.188,74,reviewed,nc,nc
2023-03-28T13:01:18.360Z,37.6173333,-122.4773333,9.13,3.4,ml,133,69,0.01982,0.07,nc,nc73863515,2023-03-31T06:53:30.301Z,"1km ENE of Pacifica, CA",earthquake,0.12,0.17,0.17,146,reviewed,nc,nc
2023-03-28T12:54:01.794Z,-10.8856,166.845,10,5,mb,51,109,4.547,0.7,us,us6000k0bq,2023-03-28T13:48:47.040Z,"Santa Cruz Islands",earthquake,10.47,1.875,0.052,119,reviewed,us,us
2023-03-28T10:30:28.881Z,43.267,-110.8435,11.046,2.8,ml,44,68,0.204,0.48,us,us6000k0a5,2023-03-30T14:55:24.822Z,"Wyoming",earthquake,2.47,8.344,0.045,64,reviewed,us,us
2023-03-28T09:45:00.250Z,31.61676374,-103.9600927,5.270349121,2.5,ml,16,62,0.00962140967,0.1,tx,tx2023gbwn,2023-03-28T18:14:54.327Z,"35 km WSW of Mentone, Texas",earthquake,0.419103811,0.4443117326,0.2,11,reviewed,tx,tx
2023-03-28T09:44:27.335Z,31.61882519,-103.9622535,6.093005371,2.6,ml,26,56,0.009889849274,0.2,tx,tx2023gbwo,2023-03-28T18:18:27.552Z,"35 km WSW of Mentone, Texas",earthquake,0.4045083797,0.6448193351,0.2,21,reviewed,tx,tx
2023-03-28T09:18:28.117Z,41.148,142.805,34,6,mww,175,44,0.906,0.73,us,us6000k09q,2023-03-30T04:47:30.349Z,"129 km ENE of Misawa, Japan",earthquake,5.41,1.771,0.053,34,reviewed,us,us
2023-03-28T09:05:02.563Z,-2.6262,128.4726,10,4.1,mb,18,91,2.364,0.77,us,us6000k09l,2023-03-28T15:48:51.040Z,"93 km NNW of Amahai, Indonesia",earthquake,5.69,1.92,0.174,9,reviewed,us,us
2023-03-28T08:29:25.126Z,51.852,-178.0228,3.282,3.5,ml,15,70,0.019,0.7,us,us6000k0dq,2023-03-29T23:57:42.040Z,"95 km W of Adak, Alaska",earthquake,1.13,2.47,0.085,18,reviewed,us,us
2023-03-28T08:25:01.079Z,32.46551514,-102.0185071,8.583618164,2.5,ml,21,88,0.1436995489,0.1,tx,tx2023gbtz,2023-03-30T16:53:20.866Z,"29 km WSW of Ackerly, Texas",earthquake,0.5795254627,2.010046848,0.1,15,reviewed,tx,tx
2023-03-28T07:47:09.640Z,19.204,-66.2185,21.52,3.25,md,16,252,0.7807,0.23,pr,pr71401873,2023-03-28T21:12:57.715Z,"82 km N of San Juan, Puerto Rico",earthquake,0.91,17.95,0.122285480087188,11,reviewed,pr,pr
2023-03-28T07:19:14.100Z,51.8556666666667,-178.038166666667,-1.8,2.61,ml,5,137,,0.22,av,av91096213,2023-03-28T16:58:51.280Z,"96 km W of Adak, Alaska",earthquake,0.48,1.41,0.2364410009457,5,reviewed,av,av
2023-03-28T06:52:25.592Z,16.9813,95.8836,10,3.5,ml,8,225,2.793,0.33,us,us6000k09e,2023-03-29T15:38:34.278Z,"near the south coast of Myanmar",earthquake,6.12,2.004,0.115,10,reviewed,us,us
2023-03-28T05:56:52.300Z,51.8423333333333,-178.051,2.95,2.64,ml,6,121,,0.11,av,av91096228,2023-03-28T17:12:21.630Z,"97 km W of Adak, Alaska",earthquake,0.3,0.31,0.220060885541681,7,reviewed,av,av
2023-03-28T05:56:04.850Z,51.8453333333333,-178.055166666667,2.53,2.75,ml,7,121,,0.19,av,av91822611,2023-03-28T17:09:19.590Z,"97 km W of Adak, Alaska",earthquake,0.45,0.55,0.130834063947317,7,reviewed,av,av
2023-03-28T05:51:29.047Z,18.3377,120.4505,29.196,5.3,mww,74,79,4.496,0.5,us,us6000k091,2023-03-28T08:20:47.254Z,"17 km W of Pasuquin, Philippines",earthquake,8.1,4.856,0.075,17,reviewed,us,us
2023-03-28T05:39:10.750Z,17.9531666666667,-66.9616666666667,15.7,2.6,md,8,207,0.08023,0.09,pr,pr71401858,2023-03-28T05:49:27.110Z,"Puerto Rico region",earthquake,0.48,0.69,0.034918954982146,4,reviewed,pr,pr
2023-03-28T04:31:48.573Z,-3.6472,139.08,10,4.3,mb,31,124,6.858,0.65,us,us6000k08t,2023-03-29T03:22:57.040Z,"208 km SW of Abepura, Indonesia",earthquake,4.89,1.916,0.116,21,reviewed,us,us
2023-03-28T04:19:09.715Z,-0.3835,123.5482,74.625,5,mww,85,32,1.015,0.78,us,us6000k08q,2023-03-29T03:20:04.522Z,"105 km NE of Luwuk, Indonesia",earthquake,6.67,5.765,0.078,16,reviewed,us,us
2023-03-28T04:12:00.570Z,19.0316666666667,-67.1503333333333,8.29,3.3,md,14,279,0.5624,0.34,pr,pr71401848,2023-03-28T04:41:31.923Z,"59 km N of San Antonio, Puerto Rico",earthquake,1.43,1.78,0.118450995611397,9,reviewed,pr,pr
2023-03-28T03:17:00.818Z,-17.871,167.4196,10,4.7,mb,26,55,2.419,0.66,us,us6000k08j,2023-03-28T03:43:10.040Z,"95 km W of Port-Vila, Vanuatu",earthquake,3.43,1.901,0.117,22,reviewed,us,us
2023-03-28T02:26:28.540Z,40.2823333,-124.3806667,20.94,2.96,md,23,240,0.02976,0.1,nc,nc73863320,2023-03-30T02:32:13.153Z,"9km WSW of Petrolia, CA",earthquake,0.69,0.23,0.153,52,reviewed,nc,nc
2023-03-28T01:11:30.779Z,56.1459,-157.6988,16.9,3.5,ml,,,,0.66,ak,ak0233zwf1z7,2023-03-29T02:44:53.040Z,"46 km ESE of Chignik, Alaska",earthquake,,1.5,,,automatic,ak,ak
2023-03-28T00:28:06.210Z,18.3466666666667,-65.9161666666667,41.78,2.73,md,7,210,0.1634,0.1,pr,pr71401833,2023-03-28T04:33:46.039Z,"2 km WNW of Campo Rico, Puerto Rico",earthquake,0.63,0.79,0.141276049384633,7,reviewed,pr,pr
2023-03-28T00:05:41.338Z,-6.2098,130.235,117.25,4.3,mb,25,54,1.708,0.79,us,us6000k07h,2023-03-28T00:25:11.040Z,"286 km WSW of Tual, Indonesia",earthquake,5.65,8.443,0.133,16,reviewed,us,us
2023-03-27T23:36:27.260Z,19.1615,-64.9405,38.94,3.34,md,6,290,0.8049,0.06,pr,pr71401823,2023-03-27T23:50:43.350Z,"90 km N of Charlotte Amalie, U.S. Virgin Islands",earthquake,2.49,8.35,0.0439914717031109,5,reviewed,pr,pr
2023-03-27T23:22:21.645Z,59.8252,-150.7887,44.3,3,ml,,,,0.49,ak,ak0233ym1kt0,2023-03-28T07:12:27.071Z,"10 km ESE of Fox River, Alaska",earthquake,,0.8,,,automatic,ak,ak
2023-03-27T23:17:27.577Z,-17.4183,-176.9879,404.557,4.2,mb,23,47,3.095,0.66,us,us6000k079,2023-03-27T23:42:37.040Z,"Fiji region",earthquake,12.44,9.161,0.142,14,reviewed,us,us
2023-03-27T22:33:18.160Z,51.8541666666667,-178.061833333333,3.07,2.8,ml,5,184,,0.17,av,av91822171,2023-03-27T23:45:43.260Z,"",earthquake,0.56,0.93,0.425815718050977,5,reviewed,av,av
2023-03-27T22:19:15.836Z,-8.2105,158.9268,85.976,6.1,mww,122,25,1.583,1.06,us,us6000k05c,2023-03-30T09:49:22.100Z,"73 km W of Buala, Solomon Islands",earthquake,7.96,5.166,0.049,40,reviewed,us,us
2023-03-27T21:42:07.980Z,19.3298333333333,-155.128166666667,5.45,2.5,ml,37,112,,0.09,hv,hv73350712,2023-03-27T22:09:12.480Z,"15 km S of Fern Forest, Hawaii",earthquake,0.29,0.52,0.141287525066511,24,reviewed,hv,hv
2023-03-27T21:14:58.930Z,40.4155,-124.6255,24.26,2.59,md,19,278,0.2278,0.13,nc,nc71130099,2023-03-30T03:04:12.104Z,"31km WNW of Petrolia, CA",earthquake,0.95,1.17,0.337,21,reviewed,nc,nc
2023-03-27T21:10:11.070Z,18.2198333333333,-65.299,10.39,2.7,md,13,122,0.08854,0.31,pr,pr71401793,2023-03-27T21:39:22.260Z,"9 km S of Culebra, Puerto Rico",earthquake,0.83,0.67,0.0903341685676533,10,reviewed,pr,pr
2023-03-27T18:20:36.153Z,-0.7264,29.3364,16.059,4.9,mb,33,70,1.407,1,us,us6000k03l,2023-03-28T12:22:59.413Z,"38 km WNW of Ntungamo, Uganda",earthquake,6.84,4.441,0.096,34,reviewed,us,us
2023-03-27T16:31:20.401Z,14.0666,-90.9464,101.368,4.3,mb,74,128,0.635,0.91,us,us7000jn1g,2023-03-28T04:40:28.842Z,"11 km E of La Gomera, Guatemala",earthquake,8.19,3.363,0.075,50,reviewed,us,us
2023-03-27T16:21:20.216Z,-44.0814,-81.8608,10,4.7,mb,36,154,7.227,0.83,us,us7000jn1d,2023-03-27T16:52:40.040Z,"West Chile Rise",earthquake,5.53,1.926,0.106,27,reviewed,us,us
2023-03-27T15:55:19.329Z,-26.6931,-71.5544,20.136,4,mb,31,195,1.015,0.9,us,us7000jn12,2023-03-27T16:37:24.040Z,"Off the coast of Atacama, Chile",earthquake,6.19,11.042,0.516,1,reviewed,us,us
2023-03-27T15:52:03.940Z,53.9146,-166.625,9.522,2.8,ml,14,86,0.048,0.54,us,us6000k08h,2023-03-28T22:03:03.040Z,"6 km WNW of Dutch Harbor, Alaska",earthquake,1.82,2.608,0.091,16,reviewed,us,us
2023-03-27T14:54:44.750Z,17.9878333333333,-67.0563333333333,15.14,2.67,md,5,143,0.02163,0.06,pr,pr71401763,2023-03-27T15:25:12.750Z,"1 km NW of La Parguera, Puerto Rico",earthquake,0.67,0.62,0.0774285684602918,4,reviewed,pr,pr
2023-03-27T14:35:16.052Z,38.0716,36.5315,7.802,4.4,mwr,96,38,0.347,0.72,us,us7000jn0d,2023-03-27T15:45:08.040Z,"6 km NNE of Göksun, Turkey",earthquake,3.34,4.357,0.06,27,reviewed,us,us
2023-03-27T12:11:13.966Z,13.0893,143.9275,136.304,4.8,mb,71,50,1.042,0.54,us,us7000jmzw,2023-03-30T13:24:37.801Z,"82 km WSW of Merizo Village, Guam",earthquake,10.01,6.522,0.034,264,reviewed,us,us
2023-03-27T12:04:32.551Z,13.5662,-88.5654,177.506,4.4,mb,57,149,0.254,0.73,us,us7000jmzt,2023-03-27T12:33:55.040Z,"El Salvador",earthquake,9.43,6.546,0.041,168,reviewed,us,us
2023-03-27T11:56:14.950Z,58.2399,-155.0264,0.6,3.3,ml,,,,0.82,ak,ak0233yf3n8n,2023-03-27T18:32:30.780Z,"82 km NNW of Karluk, Alaska",earthquake,,4.9,,,reviewed,ak,ak
2023-03-27T10:20:08.971Z,60.3491,-143.4918,1.2,2.5,ml,,,,0.67,ak,ak0233yeahke,2023-03-28T06:48:37.040Z,"124 km SSW of McCarthy, Alaska",earthquake,,0.2,,,automatic,ak,ak
2023-03-27T09:28:56.340Z,33.7856667,-116.0535,7.37,2.58,ml,76,39,0.1361,0.14,ci,ci40190463,2023-03-28T17:52:22.620Z,"16km NE of Coachella, CA",earthquake,0.11,0.44,0.142,115,reviewed,ci,ci
2023-03-27T05:25:19.467Z,49.9655,-178.7466,10,4.5,mb,107,192,1.591,0.54,us,us7000jmyt,2023-03-27T17:49:05.853Z,"south of the Aleutian Islands",earthquake,7.52,1.911,0.038,207,reviewed,us,us
2023-03-27T04:53:13.028Z,43.3548,-126.8521,10,4,mb,50,192,1.557,0.78,us,us7000jmyr,2023-03-28T01:11:38.012Z,"200 km W of Bandon, Oregon",earthquake,3.49,1.994,0.139,14,reviewed,us,us
2023-03-27T04:50:00.624Z,53.5347,-170.5969,204.207,4.2,mb,41,130,1.189,0.81,us,us7000jmyq,2023-03-27T17:39:47.937Z,"Fox Islands, Aleutian Islands, Alaska",earthquake,12.61,11.996,0.079,45,reviewed,us,us
2023-03-27T04:39:16.340Z,18.8155,-155.160333333333,7.79,4.12,ml,27,276,,0.14,hv,hv73350092,2023-03-28T04:42:14.912Z,"52 km ESE of Naalehu, Hawaii",earthquake,0.68,0.58,0.111735783636589,25,reviewed,hv,hv
2023-03-27T04:22:18.302Z,-24.3046,-67.2997,180.766,4.1,mb,19,125,1.569,0.77,us,us7000jmyk,2023-03-27T20:39:32.723Z,"",earthquake,10.22,9.932,0.234,5,reviewed,us,us
2023-03-27T03:29:06.960Z,19.0095,-65.038,12.07,3.26,md,6,277,0.6582,0.22,pr,pr71401708,2023-03-27T03:41:57.550Z,"Puerto Rico region",earthquake,2.2,3.29,0.0216891460649729,3,reviewed,pr,pr
2023-03-27T02:56:06.731Z,-5.5666,146.923,186.972,4.6,mb,36,92,3.821,0.77,us,us7000jmyc,2023-03-27T03:17:34.040Z,"128 km N of Lae, Papua New Guinea",earthquake,12.04,7.874,0.101,29,reviewed,us,us
2023-03-27T02:53:43.417Z,-22.7695,171.7227,10.385,5,mb,47,101,3.952,0.94,us,us7000jmyb,2023-03-27T03:09:14.040Z,"southeast of the Loyalty Islands",earthquake,10.18,4.85,0.093,37,reviewed,us,us
2023-03-27T02:42:37.872Z,-26.154,178.5166,630.659,4.5,mb,34,73,4.406,0.94,us,us7000jmy9,2023-03-27T02:57:28.040Z,"south of the Fiji Islands",earthquake,11.89,7.558,0.112,23,reviewed,us,us
2023-03-27T02:29:21.602Z,-17.8319,-178.213,466.766,5.5,mww,94,33,3.505,0.66,us,us7000jmy4,2023-03-28T15:50:53.040Z,"262 km E of Levuka, Fiji",earthquake,9.79,5.679,0.089,12,reviewed,us,us
2023-03-27T01:59:11.570Z,18.836,-155.180333333333,8.29,3.01,ml,42,281,,0.15,hv,hv73350032,2023-03-27T05:15:51.570Z,"49 km ESE of Naalehu, Hawaii",earthquake,0.54,0.45,0.173218504628673,26,reviewed,hv,hv
2023-03-27T01:55:01.809Z,32.00540127,-103.8001046,7.93112793,3.4,ml,22,44,0.007234902402,0.1,tx,tx2023fzlo,2023-03-27T22:03:28.855Z,"35 km SE of Malaga, New Mexico",earthquake,0.7704190677,0.9232861848,0.2,16,reviewed,tx,tx
2023-03-27T00:42:14.205Z,-40.1543,174.4049,103.002,4.7,mb,33,57,1.029,0.65,us,us7000jmxp,2023-03-27T22:52:56.073Z,"44 km S of Patea, New Zealand",earthquake,5.8,7.892,0.12,21,reviewed,us,us
2023-03-27T00:36:56.918Z,-7.0539,129.6334,106.363,4.4,mb,27,112,2.529,0.46,us,us7000jmxn,2023-03-27T22:41:16.040Z,"Kepulauan Babar, Indonesia",earthquake,8.45,8.474,0.134,16,reviewed,us,us
2023-03-27T00:16:10.294Z,37.3316,71.6527,139.582,4,mb,22,76,2.146,0.62,us,us7000jmxj,2023-03-27T22:35:49.040Z,"Afghanistan-Tajikistan border region",earthquake,6.97,13.146,0.258,4,reviewed,us,us
2023-03-26T23:23:28.598Z,36.3373,69.9801,123.656,4.2,mb,33,87,1.949,0.59,us,us7000jmxe,2023-03-27T22:26:30.040Z,"",earthquake,6.77,11.929,0.152,12,reviewed,us,us
2023-03-26T23:00:41.688Z,6.8628,-73.1361,148.306,4.3,mb,19,67,0.965,0.85,us,us7000jmx9,2023-03-27T21:20:15.040Z,"15 km NNW of Jordán, Colombia",earthquake,6.35,7.893,0.218,6,reviewed,us,us
2023-03-26T22:17:10.877Z,-16.5556,-74.586,10,4.3,mb,20,153,4.435,0.67,us,us7000jmx3,2023-03-27T20:42:41.040Z,"Near the coast of southern Peru",earthquake,10.13,1.87,0.217,6,reviewed,us,us
2023-03-26T20:36:29.040Z,18.8741666666667,-155.1915,9.94,3.17,ml,42,260,,0.13,hv,hv73349872,2023-03-29T16:51:03.094Z,"46 km ESE of Naalehu, Hawaii",earthquake,0.55,0.42,0.141593344111788,28,reviewed,hv,hv
2023-03-26T18:39:55.247Z,-7.4573,130.179,10,4.9,mb,117,46,2.928,0.62,us,us7000jmwe,2023-03-30T17:29:09.040Z,"Pulau Pulau Tanimbar, Indonesia",earthquake,7.17,1.735,0.061,84,reviewed,us,us
2023-03-26T18:32:44.790Z,17.9426,-66.9536,14,3.37,md,18,200,0.0812,0.14,pr,pr2023085006,2023-03-26T20:00:52.040Z,"5 km WSW of Guánica, Puerto Rico",earthquake,0.55,0.45,0.14,8,reviewed,pr,pr
2023-03-26T17:58:11.516Z,18.8029,-101.6548,90.608,4.2,mb,111,149,0.931,0.71,us,us7000jmw6,2023-03-30T17:22:49.040Z,"5 km WSW of Poturo, Mexico",earthquake,9.08,1.495,0.056,90,reviewed,us,us
2023-03-26T17:26:41.348Z,-36.4941,-72.7357,44.331,4.7,mwr,137,44,0.445,0.74,us,us7000jmw0,2023-03-30T16:30:34.474Z,"24 km NE of Tomé, Chile",earthquake,4.53,3.717,0.053,34,reviewed,us,us
2023-03-26T17:21:34.439Z,-30.1941,-177.873,51.178,4.6,mb,27,180,0.93,1.1,us,us6000k0vn,2023-03-30T16:22:30.040Z,"Kermadec Islands, New Zealand",earthquake,14.01,8.062,0.141,15,reviewed,us,us
2023-03-26T17:04:08.735Z,0.5844,126.7778,28.247,4.4,mb,27,111,0.618,0.62,us,us6000k0vj,2023-03-30T15:49:45.040Z,"71 km WSW of Ternate, Indonesia",earthquake,5.17,6.487,0.127,18,reviewed,us,us
2023-03-26T16:55:07.458Z,18.0747,-69.1432,92.495,2.9,ml,12,205,0.831,1.19,us,us7000jmw1,2023-03-26T18:17:24.040Z,"42 km SSW of La Romana, Dominican Republic",earthquake,11.39,17.998,0.085,18,reviewed,us,us
2023-03-26T16:10:04.741Z,60.3302,-151.46,46.4,3.6,ml,,,,0.63,ak,ak0233wu9l4t,2023-03-27T16:12:56.950Z,"9 km WSW of Cohoe, Alaska",earthquake,,0.3,,,reviewed,ak,ak
2023-03-26T15:10:25.320Z,18.8783333333333,-64.9356666666667,3.04,3.36,md,17,268,0.5235,0.4,pr,pr71401658,2023-03-26T16:48:21.040Z,"",earthquake,2.29,2.02,0.169437568054573,15,reviewed,pr,pr
2023-03-26T15:04:21.034Z,38.337,141.6856,68.38,4.9,mww,49,108,2.496,0.92,us,us7000jmvm,2023-03-30T04:32:32.675Z,"34 km ESE of Ishinomaki, Japan",earthquake,7.45,6.251,0.089,12,reviewed,us,us
2023-03-26T14:33:04.402Z,38.3522,141.6744,66.429,4.5,mb,51,100,2.479,0.98,us,us7000jmvh,2023-03-26T16:45:23.040Z,"33 km ESE of Ishinomaki, Japan",earthquake,3.25,6.973,0.064,72,reviewed,us,us
2023-03-26T13:14:32.905Z,36.4356,71.1775,117.67,4.4,mb,38,76,2.57,0.79,us,us7000jmuz,2023-03-26T16:34:07.040Z,"42 km SW of Ashk?sham, Afghanistan",earthquake,7.19,8.976,0.115,22,reviewed,us,us
2023-03-26T12:41:11.396Z,-4.9622,131.9716,47.357,5.1,mb,68,38,2.048,0.64,us,us7000jmuw,2023-03-26T12:57:14.040Z,"113 km NW of Tual, Indonesia",earthquake,4.01,6.939,0.057,102,reviewed,us,us
2023-03-26T12:38:18.234Z,17.6217,120.6868,45.529,4.6,mb,56,127,5.183,0.39,us,us7000jmuv,2023-03-26T13:02:26.040Z,"",earthquake,10.36,8.409,0.067,67,reviewed,us,us
2023-03-26T11:39:00.915Z,-25.6955,-69.1855,6.319,5,mww,83,63,0.645,0.7,us,us7000jmuh,2023-03-28T11:56:26.040Z,"114 km NE of Diego de Almagro, Chile",earthquake,1.56,3.776,0.063,24,reviewed,us,us
2023-03-26T10:43:44.822Z,-7.5337,130.3732,24.189,4.9,mb,49,99,3.028,0.58,us,us7000jmu9,2023-03-26T11:00:52.040Z,"Pulau Pulau Tanimbar, Indonesia",earthquake,4.77,5.67,0.08,49,reviewed,us,us
2023-03-26T10:31:30.154Z,61.3045,-150.0815,35.1,2.5,ml,,,,0.47,ak,ak0233wqtjjr,2023-03-27T02:30:28.135Z,"8 km SW of Point MacKenzie, Alaska",earthquake,,1.6,,,automatic,ak,ak
2023-03-26T10:12:20.480Z,19.1955,-67.8246,11,3.5,md,15,191,0.8801,0.74,pr,pr2023085004,2023-03-26T12:23:51.428Z,"91 km NE of Punta Cana, Dominican Republic",earthquake,2.42,4.61,0.15,8,reviewed,pr,pr
2023-03-26T08:38:38.390Z,19.0578,-67.8865,93,3.82,md,22,182,0.7354,0.92,pr,pr2023085003,2023-03-26T09:28:43.536Z,"75 km NE of Punta Cana, Dominican Republic",earthquake,5.09,7.34,0.14,17,reviewed,pr,pr
2023-03-26T07:59:28.594Z,59.8,-153.3019,124.4,2.7,ml,,,,0.67,ak,ak0233wp78lc,2023-03-30T23:46:21.408Z,"45 km E of Pedro Bay, Alaska",earthquake,,0.2,,,reviewed,ak,ak
2023-03-26T07:11:27.705Z,31.65851409,-104.3498159,6.697143555000001,3.3,ml,23,58,0.07013708878,0.2,tx,tx2023fyan,2023-03-27T19:04:10.157Z,"57 km S of Whites City, New Mexico",earthquake,1.157868373,1.167656015,0.1,25,reviewed,tx,tx
2023-03-26T06:20:45.070Z,35.7898333,-116.8505,0.42,3.59,ml,31,71,0.3652,0.14,ci,ci40189967,2023-03-27T06:24:44.593Z,"48km E of Trona, CA",earthquake,0.15,0.69,0.122,131,reviewed,ci,ci
2023-03-26T06:08:49.070Z,17.9338333333333,-66.9175,13.89,2.77,md,10,218,0.05483,0.15,pr,pr71401603,2023-03-26T06:31:10.200Z,"4 km SSW of Guánica, Puerto Rico",earthquake,0.91,0.44,0.14056182254814,6,reviewed,pr,pr
2023-03-26T04:43:49.523Z,21.5254,121.4208,10,4.4,mb,33,123,1.324,0.57,us,us7000jmt2,2023-03-26T06:31:29.479Z,"",earthquake,6.23,1.896,0.12,21,reviewed,us,us
2023-03-26T04:28:24.157Z,44.7607,101.9321,10,4.5,mb,42,46,4.361,0.51,us,us6000k0v1,2023-03-30T22:16:22.040Z,"21 km WNW of Hovd, Mongolia",earthquake,9.47,1.876,0.089,37,reviewed,us,us
2023-03-26T04:06:48.245Z,54.3886,-159.7074,35,3.3,ml,26,199,1.061,0.92,us,us7000jmsz,2023-03-30T23:46:18.399Z,"117 km SSE of Sand Point, Alaska",earthquake,7.67,2.021,0.088,17,reviewed,us,us
2023-03-26T03:58:11.610Z,19.3243,-67.9091,30,3.73,md,14,269,0.9379,0.43,pr,pr2023085002,2023-03-26T05:15:38.764Z,"97 km NNE of Punta Cana, Dominican Republic",earthquake,3.19,27.91,0.07,7,reviewed,pr,pr
2023-03-26T03:01:52.340Z,63.5052,-147.345,0.6,2.9,ml,,,,1,ak,ak0233wmh4jm,2023-03-30T23:46:17.564Z,"81 km E of Cantwell, Alaska",earthquake,,0.2,,,reviewed,ak,ak
2023-03-26T03:01:10.852Z,63.2115,-150.6332,128.6,2.7,ml,,,,0.49,ak,ak0233wmh1fn,2023-03-30T23:46:17.333Z,"65 km SE of Denali National Park, Alaska",earthquake,,0.6,,,reviewed,ak,ak
2023-03-26T02:53:28.468Z,5.2577,94.5303,65.618,4.5,mb,35,169,2.407,0.48,us,us7000jmsl,2023-03-26T03:29:26.040Z,"94 km WSW of Banda Aceh, Indonesia",earthquake,11.53,7.347,0.101,29,reviewed,us,us
2023-03-26T02:26:41.056Z,51.6194,-174.9713,10,2.6,ml,13,238,0.697,0.93,us,us6000k10f,2023-03-31T02:32:39.040Z,"83 km SW of Atka, Alaska",earthquake,3.05,1.75,0.128,8,reviewed,us,us
2023-03-26T02:25:04.060Z,19.2985,-155.228333333333,8.48,3.04,ml,41,71,,0.1,hv,hv73349387,2023-03-26T02:46:28.973Z,"15 km S of Volcano, Hawaii",earthquake,0.26,0.4,0.222754859524221,25,reviewed,hv,hv
2023-03-26T02:24:15.854Z,9.8615,-83.8966,69.034,4.1,mb,20,99,0.16,0.85,us,us7000jms8,2023-03-26T12:27:36.793Z,"2 km E of Cartago, Costa Rica",earthquake,6.8,4.983,0.214,6,reviewed,us,us
2023-03-26T02:17:48.517Z,15.1751,-94.2646,59.411,4.2,mb,22,227,2.326,0.81,us,us7000jmsd,2023-03-26T02:51:29.040Z,"98 km SSW of Cabeza de Toro, Mexico",earthquake,13.12,13.142,0.108,25,reviewed,us,us
2023-03-26T01:43:02.418Z,52.3925,-168.1794,40.456,4.3,mb,38,177,0.712,0.57,us,us7000jmsa,2023-03-30T23:46:16.043Z,"76 km SE of Nikolski, Alaska",earthquake,6.8,8.578,0.133,16,reviewed,us,us
2023-03-26T00:41:06.700Z,19.1575,-67.9486,72,3.93,md,16,262,0.7756,0.45,pr,pr2023085001,2023-03-26T22:22:45.040Z,"79 km NE of Punta Cana, Dominican Republic",earthquake,3.95,6.79,0.07,7,reviewed,pr,pr
2023-03-26T00:39:52.628Z,-22.4089,-66.2018,267.943,4.6,mb,60,76,1.904,0.65,us,us7000jmrn,2023-03-26T01:01:46.040Z,"Jujuy, Argentina",earthquake,7.38,7.957,0.06,82,reviewed,us,us
2023-03-26T00:17:26.720Z,18.4495,-68.3726,140,4.16,md,21,222,0.065,0.07,pr,pr2023085000,2023-03-26T22:03:29.040Z,"Mona Passage",earthquake,9.98,1.23,0.16,15,reviewed,pr,pr
2023-03-26T00:02:43.956Z,-21.0284,-68.6124,105.24,5.4,mww,100,32,0.817,1.22,us,us7000jmrf,2023-03-27T00:05:53.638Z,"161 km NNE of Calama, Chile",earthquake,5.6,4.676,0.046,46,reviewed,us,us
2023-03-25T23:29:05.309Z,-18.2083,168.0275,35,4.8,mb,44,58,2.857,0.63,us,us7000jmra,2023-03-25T23:57:28.040Z,"60 km SSW of Port-Vila, Vanuatu",earthquake,7.53,1.92,0.088,40,reviewed,us,us
2023-03-25T22:25:23.708Z,60.1162,-152.694,105.5,2.6,ml,,,,0.65,ak,ak0233vae3ft,2023-03-30T22:47:34.351Z,"56 km WNW of Happy Valley, Alaska",earthquake,,0.3,,,reviewed,ak,ak
2023-03-25T21:55:35.317Z,-16.012,-174.7621,10.113,4.6,mb,40,67,2.721,0.59,us,us7000jmr5,2023-03-25T22:47:14.040Z,"103 km W of Hihifo, Tonga",earthquake,8.33,4.538,0.087,40,reviewed,us,us
2023-03-25T21:35:43.582Z,53.129,-164.5198,21.8,3.2,ml,,,,0.7,ak,ak0233v9uut8,2023-03-31T00:12:08.302Z,"139 km SE of Akutan, Alaska",earthquake,,1,,,reviewed,ak,ak
2023-03-25T21:35:35.541Z,17.1156,120.9222,10.424,4.5,mb,65,90,5.675,0.6,us,us7000jmr1,2023-03-25T22:09:02.040Z,"4 km NE of Sagada, Philippines",earthquake,8.57,3.757,0.078,48,reviewed,us,us
2023-03-25T20:49:07.233Z,28.5064,67.0088,10,4.1,mb,13,164,6.261,1.01,us,us6000k0n6,2023-03-30T02:38:07.040Z,"Pakistan",earthquake,9.89,1.976,0.213,6,reviewed,us,us
2023-03-25T20:48:47.910Z,19.2796666666667,-155.378666666667,-0.21,2.71,ml,41,115,,0.19,hv,hv73349267,2023-03-26T03:02:46.900Z,"Island of Hawaii, Hawaii",earthquake,0.3,0.14,0.179339985122105,26,reviewed,hv,hv
2023-03-25T20:27:14.942Z,51.8572,-178.0834,7.54,3,ml,14,104,0.036,0.58,us,us7000jmqx,2023-03-30T22:47:32.136Z,"99 km W of Adak, Alaska",earthquake,1.09,2.425,0.097,14,reviewed,us,us
2023-03-25T20:12:26.728Z,-30.9139,-179.718,380.917,4.3,mb,21,135,2.267,0.75,us,us6000k0n5,2023-03-30T02:24:38.040Z,"Kermadec Islands region",earthquake,11.63,8.911,0.265,4,reviewed,us,us
2023-03-25T20:12:19.446Z,-3.1433,136.8115,62.038,4.3,mb,23,56,3.938,0.75,us,us6000k0n9,2023-03-30T02:13:47.040Z,"147 km E of Nabire, Indonesia",earthquake,6.9,10.198,0.187,8,reviewed,us,us
2023-03-25T19:57:56.941Z,-18.209,167.9743,35.1,4.8,mb,25,70,2.844,1.17,us,us7000jmqk,2023-03-25T20:56:44.040Z,"63 km SW of Port-Vila, Vanuatu",earthquake,9,7.244,0.138,19,reviewed,us,us
2023-03-25T19:34:28.151Z,6.7589,-34.0747,10,4.7,mb,25,170,13.118,1.13,us,us6000k0n2,2023-03-30T02:05:08.040Z,"central Mid-Atlantic Ridge",earthquake,14.56,1.957,0.117,22,reviewed,us,us
2023-03-25T19:13:32.329Z,32.6147,47.6789,10,4.8,mb,56,73,3.524,0.9,us,us7000jmqd,2023-03-25T20:44:47.040Z,"Iran-Iraq border region",earthquake,7.26,1.834,0.058,91,reviewed,us,us
2023-03-25T19:07:13.290Z,18.4843333333333,-64.826,75.75,3.21,md,6,267,0.1604,0.07,pr,pr71401523,2023-03-25T19:24:03.330Z,"Virgin Islands",earthquake,0.91,0.79,0.0747935164190361,4,reviewed,pr,pr
2023-03-25T18:31:55.637Z,54.3142,-162.4112,14.4,2.6,ml,,,,0.66,ak,ak0233v81pk3,2023-03-30T22:47:30.938Z,"83 km S of King Cove, Alaska",earthquake,,0.2,,,reviewed,ak,ak
2023-03-25T17:42:55.393Z,60.3778,-151.8086,65.9,2.5,ml,,,,0.78,ak,ak0233v7in3j,2023-03-30T22:47:29.923Z,"27 km W of Cohoe, Alaska",earthquake,,0.4,,,reviewed,ak,ak
2023-03-25T15:56:21.953Z,56.9476,-158.2432,0,2.6,ml,,,,1.12,ak,ak0233v6epcj,2023-03-25T18:34:48.650Z,"23 km E of Port Heiden, Alaska",earthquake,,0.2,,,automatic,ak,ak
2023-03-25T15:05:16.205Z,28.65142822,-98.27516085,0.122273763,2.8,ml,20,84,0.01818467346,0.3,tx,tx2023fwur,2023-03-27T19:18:52.901Z,"23 km NNW of Three Rivers, Texas",earthquake,1.142100621,1.015621017,0.1,13,reviewed,tx,tx
2023-03-25T15:02:51.060Z,17.9486666666667,-66.8225,8.06,3.09,md,15,188,0.06006,0.2,pr,pr71401493,2023-03-25T16:42:00.040Z,"5 km S of Indios, Puerto Rico",earthquake,0.69,0.87,0.177928716308638,14,reviewed,pr,pr
2023-03-25T14:29:42.530Z,19.395,-155.218,28.86,2.52,md,43,76,,0.13,hv,hv73349037,2023-03-28T23:41:58.290Z,"Island of Hawaii, Hawaii",earthquake,0.59,0.46,0.0842300251226855,13,reviewed,hv,hv
2023-03-25T13:57:40.567Z,32.7705,-39.7916,10,4.7,mb,32,120,12.676,0.59,us,us7000jmpa,2023-03-25T16:20:12.040Z,"",earthquake,8.37,1.805,0.101,30,reviewed,us,us
2023-03-25T12:03:44.617Z,22.6673,95.3275,9.98,4.3,mb,18,136,2.467,0.38,us,us7000jmp2,2023-03-25T12:24:08.040Z,"39 km WNW of Shwebo, Myanmar",earthquake,6.41,6.276,0.16,11,reviewed,us,us
2023-03-25T11:50:08.840Z,17.9675,-66.96,6.45,2.85,md,6,188,0.07722,0.07,pr,pr71401483,2023-03-25T12:18:23.030Z,"5 km WSW of Fuig, Puerto Rico",earthquake,1.23,0.89,0.0580313776645638,5,reviewed,pr,pr
2023-03-25T10:16:26.395Z,5.1035,125.4257,187.246,4.3,mb,29,108,1.959,0.9,us,us7000jmnr,2023-03-25T10:31:57.040Z,"33 km S of Sarangani, Philippines",earthquake,9.11,8.303,0.109,24,reviewed,us,us
2023-03-25T09:58:32.380Z,-21.0439,173.485,10,5,mww,38,120,5.418,0.61,us,us7000jmnp,2023-03-28T11:41:46.040Z,"Vanuatu region",earthquake,7.22,1.873,0.078,16,reviewed,us,us
2023-03-25T09:46:50.417Z,-20.3763,-177.8813,522.592,4.7,mb,71,42,2.627,0.65,us,us7000jmnm,2023-03-25T10:02:33.040Z,"290 km WNW of Haveluloto, Tonga",earthquake,11.16,7.949,0.033,282,reviewed,us,us
2023-03-25T09:11:01.903Z,-5.2969,102.0212,26.453,4.4,mb,26,109,1.316,0.38,us,us7000jmnk,2023-03-25T09:28:34.040Z,"167 km S of Bengkulu, Indonesia",earthquake,7.5,6.617,0.139,16,reviewed,us,us
2023-03-25T09:04:22.320Z,40.336,-125.2821667,10,3.13,ml,53,275,0.72,0.28,nc,nc73861995,2023-03-25T15:15:23.669Z,"84km W of Petrolia, CA",earthquake,1.02,31.61,0.162,31,reviewed,nc,nc
2023-03-25T08:22:41.167Z,31.60591157,-103.9764528,8.663806152,2.5,ml,21,59,0.008073676047,0.1,tx,tx2023fwhk,2023-03-28T14:46:56.852Z,"western Texas",earthquake,0.4361361919,0.398428212,0.2,26,reviewed,tx,tx
2023-03-25T07:54:16.163Z,62.1668,-152.1036,99.3,3.2,ml,,,,0.74,ak,ak0233v1mskc,2023-03-30T02:13:49.832Z,"41 km WNW of Skwentna, Alaska",earthquake,,0.3,,,reviewed,ak,ak
2023-03-25T07:53:35.859Z,58.4237,-155.3566,126.5,2.5,ml,,,,0.36,ak,ak0233v1mmcu,2023-03-30T02:13:49.571Z,"Alaska Peninsula",earthquake,,0.3,,,reviewed,ak,ak
2023-03-25T07:38:14.012Z,59.9099,-147.1329,6.8,2.5,ml,,,,0.75,ak,ak0233v1jcwm,2023-03-30T02:13:49.007Z,"52 km ESE of Chenega, Alaska",earthquake,,0.5,,,reviewed,ak,ak
2023-03-25T07:31:24.201Z,59.9135,-147.1411,7.8,2.6,ml,,,,0.85,ak,ak0233v1hvp8,2023-03-30T02:13:48.713Z,"51 km ESE of Chenega, Alaska",earthquake,,0.5,,,reviewed,ak,ak
2023-03-25T07:30:14.759Z,-22.909,-68.8085,114.256,4.6,mwr,93,65,0.582,0.98,us,us7000jmn5,2023-03-26T20:28:33.197Z,"51 km SSE of Calama, Chile",earthquake,7.15,5.229,,,reviewed,us,guc
2023-03-25T06:33:40.467Z,37.9055,36.1849,10,4.3,mb,23,149,0.349,1.14,us,us7000jmmu,2023-03-25T08:01:10.040Z,"12 km SE of Saimbeyli, Turkey",earthquake,1.82,1.907,0.16,11,reviewed,us,us
2023-03-25T04:49:25.356Z,-11.2487,166.0927,86.39,4,mb,15,146,4.311,0.67,us,us6000k0m8,2023-03-30T01:45:48.040Z,"Santa Cruz Islands",earthquake,10.58,6.161,0.173,9,reviewed,us,us
2023-03-25T04:42:12.758Z,-15.0814,-173.2893,10,4.3,mb,15,139,1.868,0.75,us,us6000k0m9,2023-03-30T01:41:24.040Z,"110 km NNE of Hihifo, Tonga",earthquake,9.03,1.916,0.239,5,reviewed,us,us
2023-03-25T04:39:34.022Z,37.9894,36.9839,10,4.4,mb,47,57,0.488,0.97,us,us7000jmme,2023-03-25T04:57:37.040Z,"19 km WSW of Ekinözü, Turkey",earthquake,5.28,1.923,0.115,22,reviewed,us,us
2023-03-25T04:32:11.220Z,35.491,-118.4648333,5.29,2.87,ml,46,28,0.1716,0.16,ci,ci40189671,2023-03-26T20:54:41.250Z,"11km SSE of Bodfish, CA",earthquake,0.14,0.92,0.142,106,reviewed,ci,ci
2023-03-25T03:38:17.986Z,30.0388,140.2317,125.471,4.1,mb,25,156,3.088,0.45,us,us6000k0m7,2023-03-30T01:05:15.040Z,"Izu Islands, Japan region",earthquake,12.91,8.243,0.15,13,reviewed,us,us
2023-03-25T03:18:58.162Z,-10.6009,161.5616,65.913,4.2,mb,22,104,1.965,0.72,us,us6000k0mg,2023-03-30T00:54:56.040Z,"42 km WSW of Kirakira, Solomon Islands",earthquake,8.72,8.08,0.132,16,reviewed,us,us
2023-03-25T02:14:38.455Z,51.8889,-178.1223,5.696,2.7,ml,11,116,0.026,0.52,us,us7000jmly,2023-03-25T21:20:29.040Z,"",earthquake,1.93,2.404,0.115,10,reviewed,us,us
2023-03-25T02:06:46.060Z,3.1766,-31.5754,10,4.5,mb,29,94,19.947,1.21,us,us6000k0m5,2023-03-30T00:46:52.040Z,"central Mid-Atlantic Ridge",earthquake,14.26,1.912,0.111,24,reviewed,us,us
2023-03-25T01:48:07.568Z,54.3238,-159.7728,35,3,ml,11,291,1.105,0.59,us,us7000jmlz,2023-03-30T02:13:44.386Z,"south of Alaska",earthquake,6.66,2.027,0.128,8,reviewed,us,us
2023-03-25T01:42:13.302Z,13.0299,-61.1706,10,3.4,ml,9,122,1.009,0.55,us,us7000jmmd,2023-03-26T14:19:45.467Z,"Windward Islands",earthquake,3.14,1.992,0.088,18,reviewed,us,us
2023-03-24T23:23:55.856Z,54.49,-162.1628,22.8,2.5,ml,,,,0.58,ak,ak0233tnftmz,2023-03-30T02:50:22.013Z,"64 km S of King Cove, Alaska",earthquake,,0.4,,,reviewed,ak,ak
2023-03-24T22:41:30.289Z,-20.5253,-178.0847,484.534,4.4,mb,34,75,2.77,0.53,us,us7000jmlr,2023-03-26T05:07:56.040Z,"Fiji region",earthquake,10.82,7.298,0.079,46,reviewed,us,us
2023-03-24T21:29:04.780Z,19.2726666666667,-155.389666666667,-0.67,2.51,ml,37,106,,0.22,hv,hv73348447,2023-03-26T05:04:07.040Z,"12 km NE of P?hala, Hawaii",earthquake,0.26,0.13,0.145082097045647,22,reviewed,hv,hv
2023-03-24T20:47:35.308Z,52.1941,-170.467,24.5,3.5,ml,,,,0.39,ak,ak0233tlsmm2,2023-03-30T02:50:20.599Z,"Fox Islands, Aleutian Islands, Alaska",earthquake,,2,,,reviewed,ak,ak
2023-03-24T20:47:22.660Z,17.9563333333333,-66.9533333333333,5.9,2.83,md,20,201,0.04537,0.18,pr,pr71401443,2023-03-24T21:12:24.700Z,"Puerto Rico region",earthquake,0.44,0.22,0.217483642815341,9,reviewed,pr,pr
2023-03-24T20:23:21.770Z,60.1462,-151.641,68.1,3,ml,,,,0.66,ak,ak0233tlng6y,2023-03-30T02:54:22.673Z,"10 km N of Ninilchik, Alaska",earthquake,,0.4,,,reviewed,ak,ak
2023-03-24T20:08:41.680Z,19.0275,-65.153,8.06,3.37,md,10,265,0.6969,0.18,pr,pr71401428,2023-03-24T20:40:12.050Z,"79 km NNW of Charlotte Amalie, U.S. Virgin Islands",earthquake,0.9,1.62,0.0453720152087866,5,reviewed,pr,pr
2023-03-24T18:43:41.250Z,19.2508333333333,-155.376666666667,5.64,2.5,ml,25,161,,0.11,hv,hv73348337,2023-03-24T20:43:41.040Z,"Island of Hawaii, Hawaii",earthquake,0.44,0.82,0.243839062959337,19,reviewed,hv,hv
2023-03-24T17:59:00.737Z,51.8541,-178.0816,3.649,2.8,ml,13,123,0.034,0.43,us,us7000jmkd,2023-03-30T02:50:16.873Z,"99 km W of Adak, Alaska",earthquake,1.08,2.487,0.105,12,reviewed,us,us
2023-03-24T15:43:38.811Z,62.2777,-151.001,74.7,2.8,ml,,,,0.61,ak,ak0233tisls7,2023-03-29T20:54:28.714Z,"27 km SSW of Petersville, Alaska",earthquake,,0.2,,,reviewed,ak,ak
2023-03-24T15:04:04.090Z,33.1801667,-116.4116667,11.86,2.87,ml,103,18,0.08792,0.2,ci,ci40189359,2023-03-26T16:39:45.270Z,"9km SSW of Borrego Springs, CA",earthquake,0.12,0.47,0.124,107,reviewed,ci,ci
2023-03-24T14:41:45.090Z,16.1254,-96.2306,42.02,4.3,mb,37,183,2.654,0.42,us,us7000jmmj,2023-03-25T05:48:24.244Z,"",earthquake,11.2,16,0.104,26,reviewed,us,us
2023-03-24T14:34:17.080Z,54.7211,-156.959,28.1,2.6,ml,,,,0.47,ak,ak0233ti574c,2023-03-29T20:54:32.118Z,"191 km SE of Perryville, Alaska",earthquake,,6,,,reviewed,ak,ak
2023-03-24T14:01:21.502Z,13.6784,-90.5296,57.001,4.2,mb,35,199,0.762,0.88,us,us7000jmfv,2023-03-25T04:28:42.040Z,"near the coast of Guatemala",earthquake,8.34,11.206,0.113,22,reviewed,us,us
2023-03-24T13:45:13.700Z,33.178,-116.4095,11.69,3.42,ml,111,17,0.09019,0.18,ci,ci40189119,2023-03-28T14:27:59.537Z,"9km SSW of Borrego Springs, CA",earthquake,0.11,0.44,0.158,127,reviewed,ci,ci
2023-03-24T13:10:34.997Z,37.9773,37.526,10,4.4,mb,51,67,0.684,0.53,us,us7000jme6,2023-03-24T13:28:35.040Z,"7 km ENE of Nurhak, Turkey",earthquake,2.76,1.869,0.096,31,reviewed,us,us
2023-03-24T13:01:34.953Z,-20.2857,-176.5702,281.147,5.6,mww,88,36,1.552,1.1,us,us7000jme4,2023-03-27T21:52:25.040Z,"170 km NW of Haveluloto, Tonga",earthquake,9.48,5.107,0.073,18,reviewed,us,us
2023-03-24T12:16:12.761Z,-10.8109,113.3166,10,4.6,mb,27,127,2.467,0.6,us,us7000jmdy,2023-03-24T12:34:35.040Z,"279 km S of Kencong, Indonesia",earthquake,8.82,1.95,0.132,17,reviewed,us,us
2023-03-24T11:53:02.460Z,19.2461666666667,-155.382333333333,31.32,2.75,ml,46,140,,0.13,hv,hv73348092,2023-03-27T05:59:57.040Z,"Island of Hawaii, Hawaii",earthquake,0.44,0.49,0.117358927685119,22,reviewed,hv,hv
2023-03-24T11:32:37.309Z,-7.1076,125.9529,469.146,4.5,mb,64,48,3.981,0.61,us,us7000jmdp,2023-03-24T11:47:26.040Z,"Kepulauan Barat Daya, Indonesia",earthquake,10.34,8.842,0.071,58,reviewed,us,us
2023-03-24T10:24:54.960Z,17.9558333333333,-66.9495,6.7,2.61,md,10,204,0.04216,0.11,pr,pr71401373,2023-03-24T10:39:52.950Z,"4 km WSW of Guánica, Puerto Rico",earthquake,0.66,0.27,0.290678549730977,7,reviewed,pr,pr
2023-03-24T09:26:32.139Z,-2.588,138.7956,31.107,4.7,mb,47,125,6.548,0.63,us,us7000jmd7,2023-03-24T10:29:49.040Z,"204 km W of Abepura, Indonesia",earthquake,10.84,4.13,0.088,39,reviewed,us,us
2023-03-24T07:47:17.711Z,54.4582,-161.4793,13.2,2.5,ml,,,,0.67,ak,ak0233te1y33,2023-03-29T00:49:16.608Z,"86 km SE of King Cove, Alaska",earthquake,,0.5,,,reviewed,ak,ak
2023-03-24T07:46:09.260Z,38.4308333,-122.6358333,9.72,2.62,md,119,30,0.02543,0.12,nc,nc73861445,2023-03-26T20:56:30.747Z,"6km ESE of Santa Rosa, CA",earthquake,0.1,0.21,0.175,134,reviewed,nc,nc
2023-03-24T07:40:38.430Z,18.0315,-66.2298333333333,14.35,2.95,md,15,146,0.1083,0.18,pr,pr71401363,2023-03-24T11:01:24.541Z,"3 km WSW of La Plena, Puerto Rico",earthquake,0.46,0.88,0.0710008541519263,9,reviewed,pr,pr
2023-03-24T07:25:35.049Z,36.4291,140.3217,84.661,4.7,mwr,89,120,1.706,0.72,us,us7000jmct,2023-03-25T02:36:55.294Z,"7 km NE of Kasama, Japan",earthquake,3.65,6.256,0.086,13,reviewed,us,us
2023-03-24T07:10:02.790Z,40.8647,48.2451,43.145,4.1,mb,46,107,2.458,0.76,us,us7000jmcr,2023-03-24T07:46:13.040Z,"Azerbaijan",earthquake,7.26,9.898,0.094,31,reviewed,us,us
2023-03-24T06:26:58.720Z,19.1923333333333,-155.460666666667,36.61,2.75,ml,45,110,,0.11,hv,hv73347872,2023-03-25T04:01:44.940Z,"2 km ESE of P?hala, Hawaii",earthquake,0.46,0.57,0.0887606379975687,21,reviewed,hv,hv
2023-03-24T04:38:09.932Z,29.964,141.8529,10,5,mb,60,101,6.78,0.69,us,us7000jmc7,2023-03-24T04:55:29.040Z,"Izu Islands, Japan region",earthquake,10.93,1.866,0.061,87,reviewed,us,us
2023-03-24T04:37:10.159Z,30.0053,141.8439,10,4.7,mb,79,95,3.552,0.8,us,us7000jmc9,2023-03-24T04:53:22.040Z,"Izu Islands, Japan region",earthquake,10.33,1.873,0.053,107,reviewed,us,us
2023-03-24T04:36:09.670Z,19.2023,-66.6031,33,3.74,md,19,250,0.7289,0.35,pr,pr2023083000,2023-03-24T07:06:04.587Z,"81 km N of Arecibo, Puerto Rico",earthquake,1.54,9.83,0.07,16,reviewed,pr,pr
2023-03-24T04:33:25.717Z,-22.9607,-66.5047,253.617,4.3,mb,26,78,1.543,1.11,us,us7000jmc5,2023-03-24T05:24:30.040Z,"87 km WSW of Abra Pampa, Argentina",earthquake,9.35,11.862,0.237,5,reviewed,us,us
2023-03-24T04:32:54.658Z,29.9747,141.8987,10,4.6,mb,42,122,2.879,0.75,us,us6000k0le,2023-03-29T22:44:28.040Z,"Izu Islands, Japan region",earthquake,9.05,1.882,0.062,78,reviewed,us,us
2023-03-24T04:25:26.072Z,29.9829,141.9136,4.574,5.4,mww,82,92,3.601,0.77,us,us7000jmc2,2023-03-25T04:46:32.324Z,"Izu Islands, Japan region",earthquake,9.93,4.233,0.089,12,reviewed,us,us
2023-03-24T04:06:24.371Z,29.6008,81.8438,29.343,4.2,mb,18,162,3.511,0.59,us,us7000jmc0,2023-03-24T05:08:37.040Z,"48 km NW of Jumla, Nepal",earthquake,12.31,5.735,0.159,11,reviewed,us,us
2023-03-24T04:02:06.890Z,17.9473333333333,-66.8421666666667,11.94,2.59,md,7,210,0.04479,0.15,pr,pr71401308,2023-03-24T04:09:21.110Z,"5 km SSW of Indios, Puerto Rico",earthquake,0.96,0.72,0.193583042884637,6,reviewed,pr,pr
2023-03-24T03:22:42.572Z,24.1675,93.794,78.995,4.4,mb,32,73,2.471,0.52,us,us6000k0lk,2023-03-29T22:13:14.040Z,"22 km SE of Chur?ch?ndpur, India",earthquake,9.67,8.197,0.155,12,reviewed,us,us
2023-03-24T03:16:57.198Z,38.462,44.8446,17.884,5.6,mww,93,50,1.18,0.92,us,us7000jmbi,2023-03-28T18:08:56.539Z,"",earthquake,5.27,3.76,0.044,50,reviewed,us,us
2023-03-24T03:04:00.400Z,19.4991666666667,-155.461,3.73,3.9,ml,42,71,,0.13,hv,hv73347592,2023-03-28T04:39:59.929Z,"Island of Hawaii, Hawaii",earthquake,0.23,0.87,0.148817256813871,25,reviewed,hv,hv
2023-03-24T02:38:51.596Z,-6.9805,125.7025,499.789,4.8,mb,20,55,3.101,0.67,us,us7000jmbe,2023-03-24T02:58:05.040Z,"Banda Sea",earthquake,10.44,9.55,0.185,9,reviewed,us,us
2023-03-24T00:39:53.653Z,37.9529,36.3688,10,4.6,mwr,116,20,0.373,1.02,us,us7000jmay,2023-03-26T21:09:00.040Z,"13 km SW of Göksun, Turkey",earthquake,3.05,1.864,0.053,34,reviewed,us,us
2023-03-24T00:30:20.870Z,35.5355,-117.44,9.3,3.24,ml,46,33,0.05401,0.14,ci,ci40188871,2023-03-25T04:56:11.040Z,"23km ESE of Ridgecrest, CA",earthquake,0.13,0.28,0.151,228,reviewed,ci,ci
